DELETE FROM invoices WHERE company_id = '00000000-0000-0000-0000-000000000001';
DELETE FROM jobs WHERE company_id = '00000000-0000-0000-0000-000000000001';
DELETE FROM auth.identities WHERE user_id IN ('00000000-0000-0000-0000-000000000011','00000000-0000-0000-0000-000000000012','00000000-0000-0000-0000-000000000013','00000000-0000-0000-0000-000000000014');
DELETE FROM auth.users WHERE email IN ('kjetil@vvsservice.no','magnus@vvsservice.no','erik@vvsservice.no','lars@vvsservice.no');
INSERT INTO auth.users (id,instance_id,email,encrypted_password,email_confirmed_at,raw_app_meta_data,raw_user_meta_data,created_at,updated_at,aud,role,is_super_admin,is_sso_user,is_anonymous) VALUES ('00000000-0000-0000-0000-000000000011','00000000-0000-0000-0000-000000000000','kjetil@vvsservice.no',crypt('Demo1234!',gen_salt('bf')),NOW(),'{"provider":"email","providers":["email"]}','{"name":"Kjetil Hansen","phone":"90000001","role":"admin","company_id":"00000000-0000-0000-0000-000000000001"}',NOW(),NOW(),'authenticated','authenticated',false,false,false),('00000000-0000-0000-0000-000000000012','00000000-0000-0000-0000-000000000000','magnus@vvsservice.no',crypt('Demo1234!',gen_salt('bf')),NOW(),'{"provider":"email","providers":["email"]}','{"name":"Magnus Olsen","phone":"90000002","role":"technician","company_id":"00000000-0000-0000-0000-000000000001"}',NOW(),NOW(),'authenticated','authenticated',false,false,false),('00000000-0000-0000-0000-000000000013','00000000-0000-0000-0000-000000000000','erik@vvsservice.no',crypt('Demo1234!',gen_salt('bf')),NOW(),'{"provider":"email","providers":["email"]}','{"name":"Erik Berg","phone":"90000003","role":"technician","company_id":"00000000-0000-0000-0000-000000000001"}',NOW(),NOW(),'authenticated','authenticated',false,false,false),('00000000-0000-0000-0000-000000000014','00000000-0000-0000-0000-000000000000','lars@vvsservice.no',crypt('Demo1234!',gen_salt('bf')),NOW(),'{"provider":"email","providers":["email"]}','{"name":"Lars Johansen","phone":"90000004","role":"technician","company_id":"00000000-0000-0000-0000-000000000001"}',NOW(),NOW(),'authenticated','authenticated',false,false,false);
INSERT INTO auth.identities (id,user_id,provider_id,identity_data,provider,last_sign_in_at,created_at,updated_at) VALUES ('00000000-0000-0000-0000-000000000011','00000000-0000-0000-0000-000000000011','kjetil@vvsservice.no','{"sub":"00000000-0000-0000-0000-000000000011","email":"kjetil@vvsservice.no"}','email',NOW(),NOW(),NOW()),('00000000-0000-0000-0000-000000000012','00000000-0000-0000-0000-000000000012','magnus@vvsservice.no','{"sub":"00000000-0000-0000-0000-000000000012","email":"magnus@vvsservice.no"}','email',NOW(),NOW(),NOW()),('00000000-0000-0000-0000-000000000013','00000000-0000-0000-0000-000000000013','erik@vvsservice.no','{"sub":"00000000-0000-0000-0000-000000000013","email":"erik@vvsservice.no"}','email',NOW(),NOW(),NOW()),('00000000-0000-0000-0000-000000000014','00000000-0000-0000-0000-000000000014','lars@vvsservice.no','{"sub":"00000000-0000-0000-0000-000000000014","email":"lars@vvsservice.no"}','email',NOW(),NOW(),NOW());
INSERT INTO jobs (id,company_id,customer_name,customer_phone,address,description,assigned_technician_id,scheduled_at,status) VALUES ('00000000-0000-0000-0000-000000000021','00000000-0000-0000-0000-000000000001','Anne Lindqvist','91234567','Maridalsveien 45, 0458 Oslo','Lekkasje under kjøkkenbenk.','00000000-0000-0000-0000-000000000012',NOW()::date+TIME '09:00:00','new'),('00000000-0000-0000-0000-000000000022','00000000-0000-0000-0000-000000000001','Per Andersen','92345678','Bogstadveien 12, 0355 Oslo','Skifte varmtvannsbereder 80L.','00000000-0000-0000-0000-000000000013',NOW()::date+TIME '10:30:00','in_progress'),('00000000-0000-0000-0000-000000000023','00000000-0000-0000-0000-000000000001','Hanne Mikkelsen','93456789','Hegdehaugsveien 8, 0352 Oslo','Tett avlop pa bad.','00000000-0000-0000-0000-000000000012',NOW()::date+TIME '13:00:00','new'),('00000000-0000-0000-0000-000000000024','00000000-0000-0000-0000-000000000001','Tor Haugen','94567890','Frognerveien 55, 0266 Oslo','Installasjon av dusjarrangement.','00000000-0000-0000-0000-000000000014',NOW()::date+TIME '11:00:00','completed'),('00000000-0000-0000-0000-000000000025','00000000-0000-0000-0000-000000000001','Silje Dahl','95678901','Drammensveien 102, 0273 Oslo','Trykktesting av roranlegg.','00000000-0000-0000-0000-000000000013',NOW()::date+TIME '15:00:00','new');
INSERT INTO invoices (id,company_id,job_id,invoice_number,customer_name,customer_address,line_items,subtotal_ex_vat,vat,total,status,due_date) VALUES ('00000000-0000-0000-0000-000000000031','00000000-0000-0000-0000-000000000001','00000000-0000-0000-0000-000000000024','INV-2025-001','Tor Haugen','Frognerveien 55, 0266 Oslo','[{"description":"Arbeidstimer","amount":2237.5},{"description":"Materiell","amount":1200},{"description":"Fremmotegebyr","amount":350}]',3787.50,946.88,4734.38,'sent',(NOW()+INTERVAL '14 days')::date),('00000000-0000-0000-0000-000000000032','00000000-0000-0000-0000-000000000001',NULL,'INV-2025-002','Bjorn Nilsen','Slemdalsveien 70, 0373 Oslo','[{"description":"Arbeidstimer","amount":2685},{"description":"Materiell","amount":850}]',3535.00,883.75,4418.75,'paid',(NOW()-INTERVAL '5 days')::date),('00000000-0000-0000-0000-000000000033','00000000-0000-0000-0000-000000000001',NULL,'INV-2025-003','Randi Sorensen','Kirkeveien 14, 0153 Oslo','[{"description":"Arbeidstimer","amount":1342.5},{"description":"Fremmotegebyr","amount":350}]',1692.50,423.13,2115.63,'overdue',(NOW()-INTERVAL '20 days')::date);
SELECT setval('invoice_number_seq',4);
